home_team,away_team,expected_goals_home,expected_goals_away,prob_home_win,prob_draw,prob_away_win,prob_btts_yes,prob_over_2_5,prob_under_2_5,top_pick,top_pick_confidence,fixture_id,date,league
Sunderland AFC,Brighton & Hove Albion FC,1.11,1.66,0.2386,0.2766,0.4848,0.56,0.5237,0.4763,Away Win,0.4848,560592,2026-10-10,English Premier League
Chelsea FC,AFC Bournemouth,1.77,1.62,0.4034,0.2538,0.3428,0.6796,0.6587,0.3413,Home Win,0.4034,560595,2026-10-10,English Premier League
Ipswich Town FC,Fulham FC,1.48,1.56,0.3457,0.2727,0.3815,0.6252,0.5849,0.4151,Away Win,0.3815,560599,2026-10-10,English Premier League
Aston Villa FC,Brentford FC,1.41,1.5,0.3408,0.2803,0.3789,0.6028,0.5551,0.4449,Away Win,0.3789,560601,2026-10-10,English Premier League
Manchester United FC,Tottenham Hotspur FC,2.21,0.89,0.662,0.2133,0.1247,0.5355,0.5974,0.4026,Home Win,0.662,560600,2026-10-10,English Premier League
Hull City AFC,Everton FC,1.06,0.68,0.4234,0.3631,0.2135,0.3397,0.2527,0.7473,Home Win,0.4234,560594,2026-10-11,English Premier League
Crystal Palace FC,Nottingham Forest FC,1.14,1.28,0.3104,0.3121,0.3776,0.508,0.4335,0.5665,Away Win,0.3776,560596,2026-10-11,English Premier League
Liverpool FC,Manchester City FC,1.21,1.71,0.2566,0.2707,0.4728,0.5914,0.5586,0.4414,Away Win,0.4728,560598,2026-10-11,English Premier League
Coventry City FC,Newcastle United FC,0.35,1.68,0.061,0.2428,0.6962,0.2523,0.3321,0.6679,Away Win,0.6962,560597,2026-10-12,English Premier League
Everton FC,Chelsea FC,1.58,1.3,0.4235,0.279,0.2974,0.5937,0.549,0.451,Home Win,0.4235,560603,2026-10-17,English Premier League
Fulham FC,Hull City AFC,0.76,0.98,0.2537,0.37,0.3763,0.3511,0.2533,0.7467,Away Win,0.3763,560602,2026-10-17,English Premier League
Manchester City FC,Ipswich Town FC,3.55,0.9,0.8466,0.1035,0.05,0.5801,0.818,0.182,Home Win,0.8466,560610,2026-10-17,English Premier League
Brentford FC,Liverpool FC,1.53,1.28,0.4162,0.2835,0.3003,0.5826,0.5334,0.4666,Home Win,0.4162,560611,2026-10-17,English Premier League
Newcastle United FC,Aston Villa FC,1.81,1.5,0.4362,0.2553,0.3084,0.6647,0.6434,0.3566,Home Win,0.4362,560607,2026-10-17,English Premier League
AFC Bournemouth,Sunderland AFC,1.67,1.05,0.503,0.276,0.221,0.5436,0.5109,0.4891,Home Win,0.503,560604,2026-10-18,English Premier League
Rayo Vallecano de Madrid,Athletic Club,1.42,0.98,0.4653,0.2829,0.2518,0.4818,0.4314,0.5686,Home Win,0.4653,564698,2026-10-10,Spanish La Liga
Deportivo Alavés,Club Atlético de Madrid,1.3,1.47,0.3267,0.2678,0.4056,0.5665,0.5224,0.4776,Away Win,0.4056,564699,2026-10-10,Spanish La Liga
FC Barcelona,Getafe CF,2.28,0.42,0.7941,0.1563,0.0496,0.3126,0.5071,0.4929,Home Win,0.7941,564700,2026-10-10,Spanish La Liga
Real Madrid CF,Villarreal CF,2.56,1.14,0.6757,0.1789,0.1454,0.6319,0.7142,0.2858,Home Win,0.6757,564702,2026-10-10,Spanish La Liga
Elche CF,RC Celta de Vigo,1.43,1.31,0.3918,0.2699,0.3383,0.5626,0.5161,0.4839,Home Win,0.3918,564703,2026-10-11,Spanish La Liga
Real Sociedad de Fútbol,RC Deportivo La Coruña,1.84,1.4,0.4719,0.2392,0.2889,0.6397,0.628,0.372,Home Win,0.4719,564707,2026-10-11,Spanish La Liga
Real Betis Balompié,CA Osasuna,1.99,0.77,0.6536,0.216,0.1304,0.4701,0.5214,0.4786,Home Win,0.6536,564701,2026-10-11,Spanish La Liga
Real Racing Club de Santander,Valencia CF,2.09,1.8,0.4481,0.2177,0.3342,0.7351,0.7442,0.2558,Home Win,0.4481,564705,2026-10-11,Spanish La Liga
Levante UD,Sevilla FC,1.61,1.24,0.453,0.2592,0.2878,0.5756,0.5425,0.4575,Home Win,0.453,564704,2026-10-12,Spanish La Liga
RC Deportivo La Coruña,Levante UD,1.9,1.13,0.546,0.2357,0.2182,0.5814,0.5824,0.4176,Home Win,0.546,564716,2026-10-16,Spanish La Liga
RCD Espanyol de Barcelona,Club Atlético de Madrid,1.17,1.58,0.2755,0.2634,0.4612,0.5548,0.5187,0.4813,Away Win,0.4612,564710,2026-10-17,Spanish La Liga
Villarreal CF,Elche CF,2.65,1.2,0.6769,0.1748,0.1483,0.6543,0.7387,0.2613,Home Win,0.6769,564708,2026-10-17,Spanish La Liga
Real Betis Balompié,FC Barcelona,1.25,1.99,0.2315,0.2282,0.5403,0.6222,0.6291,0.3709,Away Win,0.5403,564713,2026-10-17,Spanish La Liga
Valencia CF,Athletic Club,1.26,1.05,0.403,0.2967,0.3003,0.4731,0.4061,0.5939,Home Win,0.403,564711,2026-10-17,Spanish La Liga
CA Osasuna,Real Racing Club de Santander,2.51,1.6,0.5705,0.1949,0.2346,0.7372,0.7772,0.2228,Home Win,0.5705,564715,2026-10-18,Spanish La Liga
Genoa CFC,ACF Fiorentina,1.23,1.19,0.3765,0.2628,0.3607,0.4866,0.436,0.564,Home Win,0.3765,558588,2026-10-10,Italian Serie A
FC Internazionale Milano,Parma Calcio 1913,2.46,0.66,0.7741,0.1435,0.0824,0.4364,0.6025,0.3975,Home Win,0.7741,558582,2026-10-10,Italian Serie A
SSC Napoli,Frosinone Calcio,0.98,1.14,0.3162,0.2834,0.4004,0.4194,0.3569,0.6431,Away Win,0.4004,558586,2026-10-10,Italian Serie A
Como 1907,AS Roma,1.22,1.3,0.3534,0.2563,0.3904,0.5072,0.4619,0.5381,Away Win,0.3904,558585,2026-10-11,Italian Serie A
US Lecce,Bologna FC 1909,0.8,1.22,0.2493,0.2855,0.4652,0.3813,0.3277,0.6723,Away Win,0.4652,558581,2026-10-11,Italian Serie A
SS Lazio,AC Monza,2.12,1.21,0.5846,0.198,0.2174,0.6139,0.6465,0.3535,Home Win,0.5846,558583,2026-10-11,Italian Serie A
US Sassuolo Calcio,AC Milan,1.09,1.53,0.2755,0.2437,0.4808,0.514,0.4865,0.5135,Away Win,0.4808,558580,2026-10-11,Italian Serie A
Cagliari Calcio,Juventus FC,0.78,1.41,0.2142,0.2616,0.5242,0.4046,0.3753,0.6247,Away Win,0.5242,558584,2026-10-11,Italian Serie A
Atalanta BC,Venezia FC,2.95,0.7,0.8282,0.1097,0.0621,0.4734,0.7047,0.2953,Home Win,0.8282,558579,2026-10-12,Italian Serie A
Torino FC,Udinese Calcio,1.33,1.61,0.3221,0.2327,0.4452,0.5822,0.562,0.438,Away Win,0.4452,558587,2026-10-12,Italian Serie A
Frosinone Calcio,US Sassuolo Calcio,1.8,0.8,0.6159,0.2164,0.1676,0.4551,0.4818,0.5182,Home Win,0.6159,558573,2026-10-16,Italian Serie A
Venezia FC,SSC Napoli,0.72,3.14,0.0567,0.0998,0.8436,0.4897,0.7393,0.2607,Away Win,0.8436,558575,2026-10-17,Italian Serie A
Bologna FC 1909,FC Internazionale Milano,1.05,2.34,0.1596,0.176,0.6644,0.5841,0.6584,0.3416,Away Win,0.6644,558571,2026-10-17,Italian Serie A
AS Roma,Genoa CFC,2.28,0.63,0.7509,0.1586,0.0906,0.4172,0.5568,0.4432,Home Win,0.7509,558572,2026-10-17,Italian Serie A
Udinese Calcio,US Lecce,1.55,0.81,0.5553,0.2445,0.2002,0.4302,0.4187,0.5813,Home Win,0.5553,558574,2026-10-18,Italian Serie A
